Ibrahim Suhail, Ibrahimsuhail23@gmail.com 
Kevin Perez, Kevin.Perez86@qmail.cuny.edu
Ilyun Jang, Ilyun.Jang45@qmail.cuny.edu
Abir Haque, abirhaque@outlook.com
Zain Syed, zainasyed9902@gmail.com
Jamil Kocacal, jkocacal@gmail.com
